Report Key,Report Entry Expense Type Name,Amount in EUR,Report Start Date,Report End Date,Report Home Country Name,Report Country
TRIP_0001,TAXI,94.0,20231117,20231126,MA,IN
TRIP_0001,CONFERENCE FEE,205.88,20231117,20231126,MA,IN
TRIP_0001,CONFERENCE FEE,99.62,20231117,20231126,MA,IN
TRIP_0002,MEAL,211.51,20240112,20240120,KZ,SK
TRIP_0002,HOTEL,1267.94,20240112,20240120,KZ,SK
TRIP_0002,MISC,223.95,20240112,20240120,KZ,SK
TRIP_0002,TAXI,30.37,20240112,20240120,KZ,SK
TRIP_0002,CONFERENCE FEE,119.93,20240112,20240120,KZ,SK
TRIP_0002,AIR TICKET,806.99,20240112,20240120,KZ,SK
TRIP_0002,DAILY ALLOWANCE,886.85,20240112,20240120,KZ,SK
TRIP_0002,MISC,25.24,20240112,20240120,KZ,SK
TRIP_0003,CONFERENCE FEE,144.21,20230102,20230112,LU,BE
TRIP_0003,MISC,147.96,20230102,20230112,LU,BE
TRIP_0003,AIR TICKET,714.43,20230102,20230112,LU,BE
TRIP_0003,CONFERENCE FEE,33.4,20230102,20230112,LU,BE
TRIP_0003,DAILY ALLOWANCE,428.65,20230102,20230112,LU,BE
TRIP_0003,CONFERENCE FEE,188.87,20230102,20230112,LU,BE
TRIP_0004,MEAL,73.14,20221002,20221006,VN,BR
TRIP_0004,TAXI,226.98,20221002,20221006,VN,BR
TRIP_0004,MISC,244.57,20221002,20221006,VN,BR
TRIP_0004,AIR TICKET,938.67,20221002,20221006,VN,BR
TRIP_0005,MISC,214.42,20231108,20231113,FR,EC
TRIP_0005,TAXI,239.34,20231108,20231113,FR,EC
TRIP_0005,TAXI,42.34,20231108,20231113,FR,EC
TRIP_0005,CONFERENCE FEE,89.01,20231108,20231113,FR,EC
TRIP_0005,TAXI,104.13,20231108,20231113,FR,EC
TRIP_0005,CONFERENCE FEE,51.6,20231108,20231113,FR,EC
TRIP_0005,HOTEL,849.63,20231108,20231113,FR,EC
TRIP_0006,MISC,110.06,20230517,20230528,KR,ID
TRIP_0006,MEAL,177.89,20230517,20230528,KR,ID
TRIP_0006,AIR TICKET,808.15,20230517,20230528,KR,ID
TRIP_0006,TAXI,64.94,20230517,20230528,KR,ID
TRIP_0006,DAILY ALLOWANCE,637.88,20230517,20230528,KR,ID
TRIP_0007,CONFERENCE FEE,238.84,20240525,20240601,KE,AT
TRIP_0007,CONFERENCE FEE,98.1,20240525,20240601,KE,AT
TRIP_0007,TAXI,53.73,20240525,20240601,KE,AT
TRIP_0007,MEAL,134.59,20240525,20240601,KE,AT
TRIP_0007,TAXI,56.63,20240525,20240601,KE,AT
TRIP_0007,TAXI,32.66,20240525,20240601,KE,AT
TRIP_0007,TAXI,221.3,20240525,20240601,KE,AT
TRIP_0007,CONFERENCE FEE,73.68,20240525,20240601,KE,AT
TRIP_0008,DAILY ALLOWANCE,269.02,20240613,20240616,MY,BR
TRIP_0008,HOTEL,647.78,20240613,20240616,MY,BR
TRIP_0008,HOTEL,694.24,20240613,20240616,MY,BR
TRIP_0008,CONFERENCE FEE,226.17,20240613,20240616,MY,BR
TRIP_0009,AIR TICKET,1307.11,20221203,20221211,NL,RS
TRIP_0009,MISC,234.29,20221203,20221211,NL,RS
TRIP_0009,DAILY ALLOWANCE,639.19,20221203,20221211,NL,RS
TRIP_0009,MISC,20.72,20221203,20221211,NL,RS
TRIP_0010,MISC,149.68,20220225,20220301,SA,JP
TRIP_0010,CONFERENCE FEE,78.51,20220225,20220301,SA,JP
TRIP_0010,AIR TICKET,923.03,20220225,20220301,SA,JP
TRIP_0010,DAILY ALLOWANCE,325.75,20220225,20220301,SA,JP
TRIP_0011,CONFERENCE FEE,173.62,20240121,20240126,MY,BH
TRIP_0011,MEAL,46.78,20240121,20240126,MY,BH
TRIP_0011,DAILY ALLOWANCE,335.25,20240121,20240126,MY,BH
TRIP_0011,MISC,116.25,20240121,20240126,MY,BH
TRIP_0011,MISC,199.88,20240121,20240126,MY,BH
TRIP_0012,HOTEL,432.24,20230423,20230426,CN,RS
TRIP_0012,TAXI,61.13,20230423,20230426,CN,RS
TRIP_0012,MISC,72.13,20230423,20230426,CN,RS
TRIP_0012,CONFERENCE FEE,107.21,20230423,20230426,CN,RS
TRIP_0013,HOTEL,322.25,20230409,20230411,FI,LU
TRIP_0013,CONFERENCE FEE,110.95,20230409,20230411,FI,LU
TRIP_0013,MEAL,50.14,20230409,20230411,FI,LU
TRIP_0014,TAXI,151.16,20220110,20220116,OM,BG
TRIP_0014,AIR TICKET,842.43,20220110,20220116,OM,BG
TRIP_0014,MEAL,47.56,20220110,20220116,OM,BG
TRIP_0014,TAXI,210.04,20220110,20220116,OM,BG
TRIP_0014,DAILY ALLOWANCE,360.7,20220110,20220116,OM,BG
TRIP_0014,CONFERENCE FEE,146.52,20220110,20220116,OM,BG
TRIP_0014,MEAL,111.59,20220110,20220116,OM,BG
TRIP_0014,CONFERENCE FEE,82.24,20220110,20220116,OM,BG
TRIP_0015,CONFERENCE FEE,52.91,20240703,20240715,PH,PE
TRIP_0015,CONFERENCE FEE,198.86,20240703,20240715,PH,PE
TRIP_0015,AIR TICKET,1322.76,20240703,20240715,PH,PE
TRIP_0015,AIR TICKET,1120.85,20240703,20240715,PH,PE
TRIP_0015,MEAL,184.66,20240703,20240715,PH,PE
TRIP_0015,MEAL,239.67,20240703,20240715,PH,PE
TRIP_0015,MEAL,41.77,20240703,20240715,PH,PE
TRIP_0016,DAILY ALLOWANCE,1136.43,20240218,20240301,ID,AE
TRIP_0016,HOTEL,1873.33,20240218,20240301,ID,AE
TRIP_0016,HOTEL,1843.52,20240218,20240301,ID,AE
TRIP_0016,MEAL,114.7,20240218,20240301,ID,AE
TRIP_0016,MISC,34.41,20240218,20240301,ID,AE
TRIP_0016,AIR TICKET,750.4,20240218,20240301,ID,AE
TRIP_0016,HOTEL,1881.06,20240218,20240301,ID,AE
TRIP_0017,MEAL,222.6,20241014,20241019,DZ,NZ
TRIP_0017,TAXI,236.25,20241014,20241019,DZ,NZ
TRIP_0017,DAILY ALLOWANCE,492.48,20241014,20241019,DZ,NZ
TRIP_0017,HOTEL,916.04,20241014,20241019,DZ,NZ
TRIP_0017,HOTEL,821.7,20241014,20241019,DZ,NZ
TRIP_0017,CONFERENCE FEE,167.47,20241014,20241019,DZ,NZ
TRIP_0017,CONFERENCE FEE,120.95,20241014,20241019,DZ,NZ
TRIP_0018,HOTEL,882.79,20240928,20241003,IE,SA
TRIP_0018,AIR TICKET,739.53,20240928,20241003,IE,SA
TRIP_0018,AIR TICKET,865.28,20240928,20241003,IE,SA
TRIP_0018,TAXI,237.19,20240928,20241003,IE,SA
TRIP_0019,TAXI,177.7,20220107,20220114,CO,AT
TRIP_0019,MEAL,179.68,20220107,20220114,CO,AT
TRIP_0019,CONFERENCE FEE,135.92,20220107,20220114,CO,AT
TRIP_0019,DAILY ALLOWANCE,289.08,20220107,20220114,CO,AT
TRIP_0019,MISC,37.39,20220107,20220114,CO,AT
TRIP_0019,MEAL,77.54,20220107,20220114,CO,AT
TRIP_0019,MEAL,59.33,20220107,20220114,CO,AT
TRIP_0019,MISC,235.73,20220107,20220114,CO,AT
TRIP_0020,MEAL,172.12,20240904,20240913,LT,KE
TRIP_0020,MEAL,105.05,20240904,20240913,LT,KE
TRIP_0020,TAXI,81.28,20240904,20240913,LT,KE
TRIP_0021,DAILY ALLOWANCE,302.75,20220413,20220418,GT,PY
TRIP_0021,DAILY ALLOWANCE,263.47,20220413,20220418,GT,PY
TRIP_0021,CONFERENCE FEE,215.94,20220413,20220418,GT,PY
TRIP_0021,HOTEL,697.98,20220413,20220418,GT,PY
TRIP_0022,AIR TICKET,926.47,20241102,20241114,MX,BR
TRIP_0022,TAXI,98.71,20241102,20241114,MX,BR
TRIP_0022,DAILY ALLOWANCE,1249.2,20241102,20241114,MX,BR
TRIP_0022,MISC,115.58,20241102,20241114,MX,BR
TRIP_0023,MISC,142.4,20220514,20220524,GR,NG
TRIP_0023,MISC,28.58,20220514,20220524,GR,NG
TRIP_0023,AIR TICKET,710.48,20220514,20220524,GR,NG
TRIP_0023,AIR TICKET,719.53,20220514,20220524,GR,NG
TRIP_0023,DAILY ALLOWANCE,1096.86,20220514,20220524,GR,NG
TRIP_0023,MISC,58.19,20220514,20220524,GR,NG
TRIP_0023,MISC,96.15,20220514,20220524,GR,NG
TRIP_0024,DAILY ALLOWANCE,266.5,20241218,20241223,BA,AE
TRIP_0024,AIR TICKET,1152.43,20241218,20241223,BA,AE
TRIP_0024,AIR TICKET,1499.26,20241218,20241223,BA,AE
TRIP_0024,TAXI,128.75,20241218,20241223,BA,AE
TRIP_0024,CONFERENCE FEE,113.2,20241218,20241223,BA,AE
TRIP_0025,MISC,25.44,20240201,20240207,AR,CZ
TRIP_0025,TAXI,100.83,20240201,20240207,AR,CZ
TRIP_0025,MISC,70.47,20240201,20240207,AR,CZ
TRIP_0025,AIR TICKET,863.86,20240201,20240207,AR,CZ
TRIP_0025,MISC,27.97,20240201,20240207,AR,CZ
TRIP_0025,MISC,131.07,20240201,20240207,AR,CZ
TRIP_0025,MISC,27.1,20240201,20240207,AR,CZ
TRIP_0025,CONFERENCE FEE,162.25,20240201,20240207,AR,CZ
TRIP_0026,DAILY ALLOWANCE,1103.05,20221116,20221126,PL,MY
TRIP_0026,MISC,32.33,20221116,20221126,PL,MY
TRIP_0026,HOTEL,1487.26,20221116,20221126,PL,MY
TRIP_0026,MISC,134.38,20221116,20221126,PL,MY
TRIP_0026,HOTEL,1412.89,20221116,20221126,PL,MY
TRIP_0026,MEAL,60.36,20221116,20221126,PL,MY
TRIP_0027,MEAL,220.64,20231203,20231213,NG,JP
TRIP_0027,CONFERENCE FEE,115.26,20231203,20231213,NG,JP
TRIP_0027,TAXI,205.0,20231203,20231213,NG,JP
TRIP_0027,TAXI,130.85,20231203,20231213,NG,JP
TRIP_0028,MISC,137.09,20231014,20231016,LK,TR
TRIP_0028,AIR TICKET,961.62,20231014,20231016,LK,TR
TRIP_0028,AIR TICKET,723.91,20231014,20231016,LK,TR
TRIP_0028,HOTEL,343.7,20231014,20231016,LK,TR
TRIP_0028,CONFERENCE FEE,191.27,20231014,20231016,LK,TR
TRIP_0028,TAXI,194.03,20231014,20231016,LK,TR
TRIP_0028,HOTEL,314.39,20231014,20231016,LK,TR
TRIP_0029,AIR TICKET,860.21,20240223,20240305,MC,GR
TRIP_0029,DAILY ALLOWANCE,609.82,20240223,20240305,MC,GR
TRIP_0029,MISC,150.81,20240223,20240305,MC,GR
TRIP_0029,CONFERENCE FEE,164.24,20240223,20240305,MC,GR
TRIP_0029,MEAL,77.96,20240223,20240305,MC,GR
TRIP_0029,DAILY ALLOWANCE,943.95,20240223,20240305,MC,GR
TRIP_0029,TAXI,94.55,20240223,20240305,MC,GR
TRIP_0030,MEAL,34.35,20230926,20230930,PE,LT
TRIP_0030,MISC,85.27,20230926,20230930,PE,LT
TRIP_0030,MISC,117.68,20230926,20230930,PE,LT
TRIP_0031,HOTEL,1061.99,20240205,20240211,IN,OM
TRIP_0031,CONFERENCE FEE,203.53,20240205,20240211,IN,OM
TRIP_0031,CONFERENCE FEE,174.46,20240205,20240211,IN,OM
TRIP_0031,CONFERENCE FEE,63.41,20240205,20240211,IN,OM
TRIP_0032,MISC,238.08,20240317,20240324,GT,OM
TRIP_0032,MISC,173.8,20240317,20240324,GT,OM
TRIP_0032,MISC,172.43,20240317,20240324,GT,OM
TRIP_0033,TAXI,237.76,20220625,20220703,DK,BH
TRIP_0033,DAILY ALLOWANCE,431.08,20220625,20220703,DK,BH
TRIP_0033,MISC,143.64,20220625,20220703,DK,BH
TRIP_0033,TAXI,247.41,20220625,20220703,DK,BH
TRIP_0033,DAILY ALLOWANCE,886.04,20220625,20220703,DK,BH
TRIP_0034,AIR TICKET,751.7,20241005,20241017,IT,BR
TRIP_0034,CONFERENCE FEE,96.4,20241005,20241017,IT,BR
TRIP_0034,CONFERENCE FEE,207.24,20241005,20241017,IT,BR
TRIP_0034,HOTEL,2214.27,20241005,20241017,IT,BR
TRIP_0034,MISC,234.83,20241005,20241017,IT,BR
TRIP_0034,AIR TICKET,752.75,20241005,20241017,IT,BR
TRIP_0035,MEAL,98.64,20240807,20240810,BG,GB
TRIP_0035,AIR TICKET,1443.77,20240807,20240810,BG,GB
TRIP_0035,TAXI,176.6,20240807,20240810,BG,GB
TRIP_0035,MISC,232.66,20240807,20240810,BG,GB
TRIP_0035,CONFERENCE FEE,21.27,20240807,20240810,BG,GB
TRIP_0035,AIR TICKET,1305.58,20240807,20240810,BG,GB
TRIP_0035,HOTEL,695.87,20240807,20240810,BG,GB
TRIP_0035,DAILY ALLOWANCE,307.55,20240807,20240810,BG,GB
TRIP_0036,DAILY ALLOWANCE,536.35,20220908,20220915,DO,DE
TRIP_0036,AIR TICKET,697.33,20220908,20220915,DO,DE
TRIP_0036,HOTEL,1124.23,20220908,20220915,DO,DE
TRIP_0036,TAXI,78.4,20220908,20220915,DO,DE
TRIP_0036,HOTEL,949.66,20220908,20220915,DO,DE
TRIP_0036,HOTEL,1148.7,20220908,20220915,DO,DE
TRIP_0037,AIR TICKET,746.06,20220506,20220515,NG,MM
TRIP_0037,TAXI,183.11,20220506,20220515,NG,MM
TRIP_0037,MEAL,193.6,20220506,20220515,NG,MM
TRIP_0037,HOTEL,1297.14,20220506,20220515,NG,MM
TRIP_0037,MISC,27.47,20220506,20220515,NG,MM
TRIP_0037,TAXI,114.72,20220506,20220515,NG,MM
TRIP_0037,DAILY ALLOWANCE,1032.77,20220506,20220515,NG,MM
TRIP_0037,MEAL,199.07,20220506,20220515,NG,MM
TRIP_0038,TAXI,114.63,20241025,20241101,BG,NL
TRIP_0038,MEAL,50.47,20241025,20241101,BG,NL
TRIP_0038,DAILY ALLOWANCE,388.35,20241025,20241101,BG,NL
TRIP_0038,TAXI,163.38,20241025,20241101,BG,NL
TRIP_0038,CONFERENCE FEE,247.59,20241025,20241101,BG,NL
TRIP_0038,DAILY ALLOWANCE,700.33,20241025,20241101,BG,NL
TRIP_0039,DAILY ALLOWANCE,279.32,20240511,20240516,US,IT
TRIP_0039,MEAL,210.69,20240511,20240516,US,IT
TRIP_0039,MISC,66.59,20240511,20240516,US,IT
TRIP_0040,DAILY ALLOWANCE,588.3,20241223,20241231,CN,ID
TRIP_0040,CONFERENCE FEE,126.07,20241223,20241231,CN,ID
TRIP_0040,DAILY ALLOWANCE,541.91,20241223,20241231,CN,ID
TRIP_0040,CONFERENCE FEE,23.16,20241223,20241231,CN,ID
TRIP_0041,TAXI,164.31,20240706,20240708,CR,PE
TRIP_0041,CONFERENCE FEE,202.22,20240706,20240708,CR,PE
TRIP_0041,MISC,119.9,20240706,20240708,CR,PE
TRIP_0042,MISC,74.62,20241102,20241104,AT,FR
TRIP_0042,HOTEL,328.46,20241102,20241104,AT,FR
TRIP_0042,DAILY ALLOWANCE,159.44,20241102,20241104,AT,FR
TRIP_0042,AIR TICKET,964.91,20241102,20241104,AT,FR
TRIP_0042,MEAL,236.64,20241102,20241104,AT,FR
TRIP_0042,DAILY ALLOWANCE,213.3,20241102,20241104,AT,FR
TRIP_0042,DAILY ALLOWANCE,97.83,20241102,20241104,AT,FR
TRIP_0043,TAXI,216.99,20220916,20220925,NO,SE
TRIP_0043,MEAL,230.15,20220916,20220925,NO,SE
TRIP_0043,TAXI,236.2,20220916,20220925,NO,SE
TRIP_0043,TAXI,170.52,20220916,20220925,NO,SE
TRIP_0043,HOTEL,1350.15,20220916,20220925,NO,SE
TRIP_0043,CONFERENCE FEE,177.33,20220916,20220925,NO,SE
TRIP_0044,TAXI,169.93,20220618,20220627,BR,NG
TRIP_0044,TAXI,117.2,20220618,20220627,BR,NG
TRIP_0044,DAILY ALLOWANCE,1029.46,20220618,20220627,BR,NG
TRIP_0044,MEAL,24.43,20220618,20220627,BR,NG
TRIP_0045,HOTEL,633.06,20221008,20221012,SA,BY
TRIP_0045,MISC,66.24,20221008,20221012,SA,BY
TRIP_0045,AIR TICKET,793.42,20221008,20221012,SA,BY
TRIP_0046,HOTEL,1085.0,20230921,20230928,BA,AR
TRIP_0046,MISC,106.43,20230921,20230928,BA,AR
TRIP_0046,AIR TICKET,990.66,20230921,20230928,BA,AR
TRIP_0047,HOTEL,676.3,20220522,20220527,AE,NO
TRIP_0047,HOTEL,818.99,20220522,20220527,AE,NO
TRIP_0047,AIR TICKET,695.96,20220522,20220527,AE,NO
TRIP_0048,CONFERENCE FEE,237.56,20231122,20231204,LT,DZ
TRIP_0048,HOTEL,1990.08,20231122,20231204,LT,DZ
TRIP_0048,TAXI,176.34,20231122,20231204,LT,DZ
TRIP_0048,DAILY ALLOWANCE,504.88,20231122,20231204,LT,DZ
TRIP_0048,AIR TICKET,808.13,20231122,20231204,LT,DZ
TRIP_0048,DAILY ALLOWANCE,1124.97,20231122,20231204,LT,DZ
TRIP_0049,MISC,52.79,20231201,20231212,SK,RO
TRIP_0049,MISC,99.85,20231201,20231212,SK,RO
TRIP_0049,AIR TICKET,1268.88,20231201,20231212,SK,RO
TRIP_0049,MEAL,167.01,20231201,20231212,SK,RO
TRIP_0049,TAXI,121.94,20231201,20231212,SK,RO
TRIP_0049,DAILY ALLOWANCE,1305.99,20231201,20231212,SK,RO
TRIP_0049,AIR TICKET,1003.56,20231201,20231212,SK,RO
TRIP_0050,AIR TICKET,1253.57,20220715,20220727,NG,RS
TRIP_0050,DAILY ALLOWANCE,927.33,20220715,20220727,NG,RS
TRIP_0050,DAILY ALLOWANCE,1219.35,20220715,20220727,NG,RS
TRIP_0050,TAXI,120.14,20220715,20220727,NG,RS
TRIP_0051,TAXI,163.9,20240414,20240416,CZ,CO
TRIP_0051,HOTEL,364.08,20240414,20240416,CZ,CO
TRIP_0051,DAILY ALLOWANCE,102.65,20240414,20240416,CZ,CO
TRIP_0051,AIR TICKET,734.45,20240414,20240416,CZ,CO
TRIP_0051,MISC,198.73,20240414,20240416,CZ,CO
TRIP_0052,MEAL,151.53,20220423,20220505,SI,BD
TRIP_0052,DAILY ALLOWANCE,780.4,20220423,20220505,SI,BD
TRIP_0052,CONFERENCE FEE,225.04,20220423,20220505,SI,BD
TRIP_0052,MISC,146.75,20220423,20220505,SI,BD
TRIP_0052,MISC,204.54,20220423,20220505,SI,BD
TRIP_0052,DAILY ALLOWANCE,1263.81,20220423,20220505,SI,BD
TRIP_0053,DAILY ALLOWANCE,182.39,20220727,20220730,SE,FI
TRIP_0053,DAILY ALLOWANCE,238.27,20220727,20220730,SE,FI
TRIP_0053,CONFERENCE FEE,137.28,20220727,20220730,SE,FI
TRIP_0053,AIR TICKET,1252.34,20220727,20220730,SE,FI
TRIP_0054,CONFERENCE FEE,238.72,20241007,20241013,SA,LV
TRIP_0054,DAILY ALLOWANCE,527.04,20241007,20241013,SA,LV
TRIP_0054,HOTEL,932.94,20241007,20241013,SA,LV
TRIP_0054,AIR TICKET,922.24,20241007,20241013,SA,LV
TRIP_0054,TAXI,184.52,20241007,20241013,SA,LV
TRIP_0054,MISC,249.6,20241007,20241013,SA,LV
TRIP_0055,HOTEL,468.36,20231002,20231005,SI,BH
TRIP_0055,DAILY ALLOWANCE,313.78,20231002,20231005,SI,BH
TRIP_0055,TAXI,71.45,20231002,20231005,SI,BH
TRIP_0056,TAXI,115.87,20220202,20220208,DE,IN
TRIP_0056,AIR TICKET,819.94,20220202,20220208,DE,IN
TRIP_0056,DAILY ALLOWANCE,313.31,20220202,20220208,DE,IN
TRIP_0056,AIR TICKET,673.46,20220202,20220208,DE,IN
TRIP_0056,CONFERENCE FEE,199.14,20220202,20220208,DE,IN
TRIP_0056,CONFERENCE FEE,55.55,20220202,20220208,DE,IN
TRIP_0056,AIR TICKET,835.12,20220202,20220208,DE,IN
TRIP_0056,CONFERENCE FEE,114.49,20220202,20220208,DE,IN
TRIP_0057,TAXI,188.6,20220421,20220503,OM,DE
TRIP_0057,DAILY ALLOWANCE,996.65,20220421,20220503,OM,DE
TRIP_0057,AIR TICKET,703.61,20220421,20220503,OM,DE
TRIP_0057,CONFERENCE FEE,241.95,20220421,20220503,OM,DE
TRIP_0057,AIR TICKET,906.17,20220421,20220503,OM,DE
TRIP_0057,MEAL,125.28,20220421,20220503,OM,DE
TRIP_0058,HOTEL,1880.51,20220607,20220616,PH,TH
TRIP_0058,TAXI,212.78,20220607,20220616,PH,TH
TRIP_0058,CONFERENCE FEE,212.19,20220607,20220616,PH,TH
TRIP_0058,HOTEL,1882.93,20220607,20220616,PH,TH
TRIP_0058,MEAL,29.61,20220607,20220616,PH,TH
TRIP_0059,AIR TICKET,947.19,20230314,20230319,AT,CA
TRIP_0059,MEAL,87.04,20230314,20230319,AT,CA
TRIP_0059,AIR TICKET,815.2,20230314,20230319,AT,CA
TRIP_0060,TAXI,47.44,20231125,20231128,SI,SG
TRIP_0060,DAILY ALLOWANCE,281.55,20231125,20231128,SI,SG
TRIP_0060,MISC,54.05,20231125,20231128,SI,SG
TRIP_0061,TAXI,151.53,20220711,20220721,IT,JP
TRIP_0061,HOTEL,2108.82,20220711,20220721,IT,JP
TRIP_0061,MEAL,58.01,20220711,20220721,IT,JP
TRIP_0061,MISC,238.43,20220711,20220721,IT,JP
TRIP_0061,MEAL,54.42,20220711,20220721,IT,JP
TRIP_0061,MEAL,139.23,20220711,20220721,IT,JP
TRIP_0061,HOTEL,2097.95,20220711,20220721,IT,JP
TRIP_0062,DAILY ALLOWANCE,376.39,20241027,20241031,PH,DK
TRIP_0062,HOTEL,694.05,20241027,20241031,PH,DK
TRIP_0062,MISC,116.94,20241027,20241031,PH,DK
TRIP_0062,CONFERENCE FEE,90.7,20241027,20241031,PH,DK
TRIP_0062,MISC,197.78,20241027,20241031,PH,DK
TRIP_0062,HOTEL,653.57,20241027,20241031,PH,DK
TRIP_0062,DAILY ALLOWANCE,202.64,20241027,20241031,PH,DK
TRIP_0063,MISC,175.66,20240808,20240818,CR,HU
TRIP_0063,MISC,225.76,20240808,20240818,CR,HU
TRIP_0063,AIR TICKET,1037.18,20240808,20240818,CR,HU
TRIP_0063,TAXI,238.54,20240808,20240818,CR,HU
TRIP_0063,DAILY ALLOWANCE,603.62,20240808,20240818,CR,HU
TRIP_0063,MEAL,69.14,20240808,20240818,CR,HU
TRIP_0063,CONFERENCE FEE,182.54,20240808,20240818,CR,HU
TRIP_0064,HOTEL,629.11,20220401,20220405,SI,OM
TRIP_0064,MEAL,21.73,20220401,20220405,SI,OM
TRIP_0064,MEAL,164.78,20220401,20220405,SI,OM
TRIP_0065,AIR TICKET,956.16,20220304,20220312,BR,LT
TRIP_0065,MISC,93.91,20220304,20220312,BR,LT
TRIP_0065,MEAL,219.56,20220304,20220312,BR,LT
TRIP_0065,AIR TICKET,784.91,20220304,20220312,BR,LT
TRIP_0065,AIR TICKET,853.34,20220304,20220312,BR,LT
TRIP_0065,CONFERENCE FEE,41.2,20220304,20220312,BR,LT
TRIP_0065,MEAL,247.05,20220304,20220312,BR,LT
TRIP_0065,DAILY ALLOWANCE,679.86,20220304,20220312,BR,LT
TRIP_0066,HOTEL,1197.64,20230507,20230514,EC,OM
TRIP_0066,MISC,90.31,20230507,20230514,EC,OM
TRIP_0066,MEAL,40.24,20230507,20230514,EC,OM
TRIP_0066,DAILY ALLOWANCE,745.87,20230507,20230514,EC,OM
TRIP_0066,DAILY ALLOWANCE,763.56,20230507,20230514,EC,OM
TRIP_0066,HOTEL,1167.84,20230507,20230514,EC,OM
TRIP_0066,CONFERENCE FEE,150.39,20230507,20230514,EC,OM
TRIP_0067,MEAL,87.34,20241101,20241103,DE,CN
TRIP_0067,MEAL,102.73,20241101,20241103,DE,CN
TRIP_0067,MEAL,92.33,20241101,20241103,DE,CN
TRIP_0067,MEAL,33.08,20241101,20241103,DE,CN
TRIP_0067,CONFERENCE FEE,217.0,20241101,20241103,DE,CN
TRIP_0068,MEAL,28.0,20230101,20230106,OM,TW
TRIP_0068,HOTEL,823.72,20230101,20230106,OM,TW
TRIP_0068,CONFERENCE FEE,204.86,20230101,20230106,OM,TW
TRIP_0068,MEAL,244.16,20230101,20230106,OM,TW
TRIP_0068,MISC,124.12,20230101,20230106,OM,TW
TRIP_0068,CONFERENCE FEE,206.41,20230101,20230106,OM,TW
TRIP_0069,TAXI,186.77,20240808,20240820,TH,MX
TRIP_0069,HOTEL,3125.03,20240808,20240820,TH,MX
TRIP_0069,AIR TICKET,1203.17,20240808,20240820,TH,MX
TRIP_0069,AIR TICKET,1257.2,20240808,20240820,TH,MX
TRIP_0069,TAXI,143.5,20240808,20240820,TH,MX
TRIP_0069,TAXI,24.47,20240808,20240820,TH,MX
TRIP_0069,MEAL,52.6,20240808,20240820,TH,MX
TRIP_0070,MISC,220.7,20230608,20230614,KZ,IE
TRIP_0070,MISC,219.67,20230608,20230614,KZ,IE
TRIP_0070,DAILY ALLOWANCE,640.12,20230608,20230614,KZ,IE
TRIP_0071,CONFERENCE FEE,69.99,20230212,20230219,CL,TR
TRIP_0071,CONFERENCE FEE,23.1,20230212,20230219,CL,TR
TRIP_0071,AIR TICKET,780.64,20230212,20230219,CL,TR
TRIP_0072,MISC,73.14,20231119,20231128,IN,BR
TRIP_0072,AIR TICKET,735.21,20231119,20231128,IN,BR
TRIP_0072,MEAL,162.09,20231119,20231128,IN,BR
TRIP_0072,MEAL,135.62,20231119,20231128,IN,BR
TRIP_0072,HOTEL,1431.43,20231119,20231128,IN,BR
TRIP_0072,CONFERENCE FEE,217.7,20231119,20231128,IN,BR
TRIP_0073,CONFERENCE FEE,115.78,20230108,20230117,SE,US
TRIP_0073,HOTEL,1447.0,20230108,20230117,SE,US
TRIP_0073,DAILY ALLOWANCE,993.6,20230108,20230117,SE,US
TRIP_0073,MEAL,169.21,20230108,20230117,SE,US
TRIP_0073,HOTEL,1480.02,20230108,20230117,SE,US
TRIP_0073,TAXI,54.3,20230108,20230117,SE,US
TRIP_0073,CONFERENCE FEE,75.79,20230108,20230117,SE,US
TRIP_0073,TAXI,219.36,20230108,20230117,SE,US
TRIP_0074,DAILY ALLOWANCE,348.59,20240911,20240919,EC,HU
TRIP_0074,CONFERENCE FEE,105.56,20240911,20240919,EC,HU
TRIP_0074,AIR TICKET,1058.99,20240911,20240919,EC,HU
TRIP_0075,TAXI,146.82,20240821,20240827,ES,MM
TRIP_0075,CONFERENCE FEE,243.87,20240821,20240827,ES,MM
TRIP_0075,AIR TICKET,1238.46,20240821,20240827,ES,MM
TRIP_0075,AIR TICKET,1196.68,20240821,20240827,ES,MM
TRIP_0075,DAILY ALLOWANCE,523.2,20240821,20240827,ES,MM
TRIP_0075,MEAL,134.8,20240821,20240827,ES,MM
TRIP_0076,MISC,59.8,20220409,20220416,BG,EC
TRIP_0076,TAXI,59.34,20220409,20220416,BG,EC
TRIP_0076,HOTEL,1137.04,20220409,20220416,BG,EC
TRIP_0076,MEAL,151.17,20220409,20220416,BG,EC
TRIP_0077,MEAL,220.59,20240924,20241005,IN,AT
TRIP_0077,DAILY ALLOWANCE,742.03,20240924,20241005,IN,AT
TRIP_0077,DAILY ALLOWANCE,1007.2,20240924,20241005,IN,AT
TRIP_0077,DAILY ALLOWANCE,961.5,20240924,20241005,IN,AT
TRIP_0077,TAXI,225.88,20240924,20241005,IN,AT
TRIP_0077,DAILY ALLOWANCE,1299.11,20240924,20241005,IN,AT
TRIP_0077,TAXI,186.12,20240924,20241005,IN,AT
TRIP_0077,MISC,21.84,20240924,20241005,IN,AT
TRIP_0078,MEAL,167.31,20240617,20240626,RU,IN
TRIP_0078,MISC,118.95,20240617,20240626,RU,IN
TRIP_0078,HOTEL,1988.98,20240617,20240626,RU,IN
TRIP_0078,AIR TICKET,1470.59,20240617,20240626,RU,IN
TRIP_0078,DAILY ALLOWANCE,848.56,20240617,20240626,RU,IN
TRIP_0078,MISC,168.99,20240617,20240626,RU,IN
TRIP_0079,TAXI,86.01,20231025,20231102,GR,UY
TRIP_0079,HOTEL,1245.97,20231025,20231102,GR,UY
TRIP_0079,AIR TICKET,878.53,20231025,20231102,GR,UY
TRIP_0080,AIR TICKET,1028.53,20240411,20240413,ZA,CH
TRIP_0080,DAILY ALLOWANCE,121.43,20240411,20240413,ZA,CH
TRIP_0080,AIR TICKET,856.91,20240411,20240413,ZA,CH
TRIP_0080,AIR TICKET,836.97,20240411,20240413,ZA,CH
TRIP_0081,AIR TICKET,1158.85,20231223,20231230,MM,SK
TRIP_0081,CONFERENCE FEE,201.9,20231223,20231230,MM,SK
TRIP_0081,DAILY ALLOWANCE,715.31,20231223,20231230,MM,SK
TRIP_0082,TAXI,53.05,20231226,20231230,AR,KE
TRIP_0082,MEAL,164.0,20231226,20231230,AR,KE
TRIP_0082,HOTEL,841.1,20231226,20231230,AR,KE
TRIP_0083,MEAL,248.56,20230316,20230328,LK,US
TRIP_0083,MEAL,50.05,20230316,20230328,LK,US
TRIP_0083,AIR TICKET,1008.1,20230316,20230328,LK,US
TRIP_0083,DAILY ALLOWANCE,698.54,20230316,20230328,LK,US
TRIP_0083,DAILY ALLOWANCE,1411.53,20230316,20230328,LK,US
TRIP_0083,TAXI,125.36,20230316,20230328,LK,US
TRIP_0084,MISC,98.55,20230913,20230922,CA,HR
TRIP_0084,CONFERENCE FEE,59.78,20230913,20230922,CA,HR
TRIP_0084,HOTEL,1414.26,20230913,20230922,CA,HR
TRIP_0084,MEAL,59.58,20230913,20230922,CA,HR
TRIP_0085,MEAL,154.05,20240401,20240409,HU,MA
TRIP_0085,TAXI,191.8,20240401,20240409,HU,MA
TRIP_0085,MISC,171.08,20240401,20240409,HU,MA
TRIP_0085,DAILY ALLOWANCE,883.15,20240401,20240409,HU,MA
TRIP_0085,MISC,162.73,20240401,20240409,HU,MA
TRIP_0085,CONFERENCE FEE,141.04,20240401,20240409,HU,MA
TRIP_0086,DAILY ALLOWANCE,586.18,20220621,20220627,SK,RU
TRIP_0086,DAILY ALLOWANCE,363.39,20220621,20220627,SK,RU
TRIP_0086,HOTEL,1242.01,20220621,20220627,SK,RU
TRIP_0086,DAILY ALLOWANCE,608.42,20220621,20220627,SK,RU
TRIP_0086,CONFERENCE FEE,144.0,20220621,20220627,SK,RU
TRIP_0086,MISC,247.15,20220621,20220627,SK,RU
TRIP_0087,HOTEL,1847.42,20231028,20231109,BY,CH
TRIP_0087,CONFERENCE FEE,172.1,20231028,20231109,BY,CH
TRIP_0087,MISC,201.85,20231028,20231109,BY,CH
TRIP_0088,AIR TICKET,988.05,20230321,20230331,AU,BY
TRIP_0088,MEAL,44.33,20230321,20230331,AU,BY
TRIP_0088,CONFERENCE FEE,233.66,20230321,20230331,AU,BY
TRIP_0088,MEAL,222.53,20230321,20230331,AU,BY
TRIP_0088,MISC,232.29,20230321,20230331,AU,BY
TRIP_0088,MEAL,153.76,20230321,20230331,AU,BY
TRIP_0088,TAXI,148.76,20230321,20230331,AU,BY
TRIP_0089,DAILY ALLOWANCE,284.64,20240225,20240302,GB,CO
TRIP_0089,TAXI,167.42,20240225,20240302,GB,CO
TRIP_0089,MEAL,58.91,20240225,20240302,GB,CO
TRIP_0089,CONFERENCE FEE,240.99,20240225,20240302,GB,CO
TRIP_0089,CONFERENCE FEE,144.46,20240225,20240302,GB,CO
TRIP_0089,TAXI,221.34,20240225,20240302,GB,CO
TRIP_0089,TAXI,52.45,20240225,20240302,GB,CO
TRIP_0089,DAILY ALLOWANCE,437.47,20240225,20240302,GB,CO
TRIP_0090,AIR TICKET,1383.7,20230813,20230819,TH,DE
TRIP_0090,MEAL,113.49,20230813,20230819,TH,DE
TRIP_0090,DAILY ALLOWANCE,379.08,20230813,20230819,TH,DE
TRIP_0090,DAILY ALLOWANCE,545.7,20230813,20230819,TH,DE
TRIP_0090,CONFERENCE FEE,108.08,20230813,20230819,TH,DE
TRIP_0090,TAXI,191.23,20230813,20230819,TH,DE
TRIP_0091,DAILY ALLOWANCE,192.48,20240822,20240824,LT,IT
TRIP_0091,MISC,241.69,20240822,20240824,LT,IT
TRIP_0091,TAXI,212.72,20240822,20240824,LT,IT
TRIP_0091,DAILY ALLOWANCE,238.73,20240822,20240824,LT,IT
TRIP_0091,DAILY ALLOWANCE,125.94,20240822,20240824,LT,IT
TRIP_0091,TAXI,80.91,20240822,20240824,LT,IT
TRIP_0091,MISC,50.08,20240822,20240824,LT,IT
TRIP_0091,HOTEL,484.28,20240822,20240824,LT,IT
TRIP_0092,AIR TICKET,849.94,20220402,20220413,BY,ES
TRIP_0092,CONFERENCE FEE,186.51,20220402,20220413,BY,ES
TRIP_0092,HOTEL,1748.02,20220402,20220413,BY,ES
TRIP_0092,HOTEL,1784.66,20220402,20220413,BY,ES
TRIP_0092,MEAL,239.09,20220402,20220413,BY,ES
TRIP_0093,TAXI,207.54,20230304,20230308,CR,LU
TRIP_0093,CONFERENCE FEE,198.07,20230304,20230308,CR,LU
TRIP_0093,TAXI,105.48,20230304,20230308,CR,LU
TRIP_0093,AIR TICKET,835.81,20230304,20230308,CR,LU
TRIP_0093,DAILY ALLOWANCE,477.07,20230304,20230308,CR,LU
TRIP_0094,AIR TICKET,740.99,20221128,20221202,ID,BY
TRIP_0094,AIR TICKET,947.18,20221128,20221202,ID,BY
TRIP_0094,AIR TICKET,885.62,20221128,20221202,ID,BY
TRIP_0095,HOTEL,525.17,20231001,20231004,NL,MY
TRIP_0095,DAILY ALLOWANCE,307.69,20231001,20231004,NL,MY
TRIP_0095,CONFERENCE FEE,85.75,20231001,20231004,NL,MY
TRIP_0095,MISC,234.2,20231001,20231004,NL,MY
TRIP_0095,DAILY ALLOWANCE,325.43,20231001,20231004,NL,MY
TRIP_0096,CONFERENCE FEE,73.41,20230207,20230216,SI,CN
TRIP_0096,MISC,187.95,20230207,20230216,SI,CN
TRIP_0096,DAILY ALLOWANCE,704.53,20230207,20230216,SI,CN
TRIP_0096,DAILY ALLOWANCE,716.94,20230207,20230216,SI,CN
TRIP_0096,DAILY ALLOWANCE,962.78,20230207,20230216,SI,CN
TRIP_0096,CONFERENCE FEE,91.28,20230207,20230216,SI,CN
TRIP_0097,DAILY ALLOWANCE,438.14,20230403,20230409,TN,NG
TRIP_0097,TAXI,153.85,20230403,20230409,TN,NG
TRIP_0097,MISC,191.19,20230403,20230409,TN,NG
TRIP_0097,MISC,110.83,20230403,20230409,TN,NG
TRIP_0097,MISC,68.93,20230403,20230409,TN,NG
TRIP_0097,MISC,232.91,20230403,20230409,TN,NG
TRIP_0097,HOTEL,1039.47,20230403,20230409,TN,NG
TRIP_0097,MEAL,91.38,20230403,20230409,TN,NG
TRIP_0098,CONFERENCE FEE,26.65,20220928,20221009,EC,OM
TRIP_0098,AIR TICKET,731.09,20220928,20221009,EC,OM
TRIP_0098,HOTEL,1614.24,20220928,20221009,EC,OM
TRIP_0099,AIR TICKET,780.17,20241022,20241025,TN,RU
TRIP_0099,TAXI,221.09,20241022,20241025,TN,RU
TRIP_0099,CONFERENCE FEE,243.29,20241022,20241025,TN,RU
TRIP_0099,DAILY ALLOWANCE,311.77,20241022,20241025,TN,RU
TRIP_0099,CONFERENCE FEE,114.9,20241022,20241025,TN,RU
TRIP_0099,MEAL,247.59,20241022,20241025,TN,RU
TRIP_0099,AIR TICKET,907.21,20241022,20241025,TN,RU
TRIP_0100,DAILY ALLOWANCE,385.37,20230405,20230409,EC,LU
TRIP_0100,MEAL,108.4,20230405,20230409,EC,LU
TRIP_0100,CONFERENCE FEE,85.88,20230405,20230409,EC,LU
TRIP_0100,TAXI,108.79,20230405,20230409,EC,LU
TRIP_0100,HOTEL,644.79,20230405,20230409,EC,LU
TRIP_0101,CONFERENCE FEE,142.45,20230527,20230604,KR,NL
TRIP_0101,MEAL,159.08,20230527,20230604,KR,NL
TRIP_0101,CONFERENCE FEE,188.94,20230527,20230604,KR,NL
TRIP_0101,CONFERENCE FEE,88.91,20230527,20230604,KR,NL
TRIP_0102,CONFERENCE FEE,87.09,20230416,20230419,SI,LV
TRIP_0102,AIR TICKET,719.08,20230416,20230419,SI,LV
TRIP_0102,CONFERENCE FEE,22.69,20230416,20230419,SI,LV
TRIP_0102,AIR TICKET,941.64,20230416,20230419,SI,LV
TRIP_0102,DAILY ALLOWANCE,319.17,20230416,20230419,SI,LV
TRIP_0102,HOTEL,493.79,20230416,20230419,SI,LV
TRIP_0103,MISC,158.2,20230704,20230708,CO,GR
TRIP_0103,CONFERENCE FEE,244.03,20230704,20230708,CO,GR
TRIP_0103,MISC,168.57,20230704,20230708,CO,GR
TRIP_0103,MISC,114.95,20230704,20230708,CO,GR
TRIP_0103,DAILY ALLOWANCE,262.21,20230704,20230708,CO,GR
TRIP_0103,CONFERENCE FEE,186.41,20230704,20230708,CO,GR
TRIP_0104,DAILY ALLOWANCE,758.39,20230920,20230927,TW,PE
TRIP_0104,AIR TICKET,729.52,20230920,20230927,TW,PE
TRIP_0104,HOTEL,1138.23,20230920,20230927,TW,PE
TRIP_0104,CONFERENCE FEE,243.49,20230920,20230927,TW,PE
TRIP_0104,AIR TICKET,876.2,20230920,20230927,TW,PE
TRIP_0104,MISC,133.62,20230920,20230927,TW,PE
TRIP_0105,HOTEL,941.05,20220203,20220209,SE,DE
TRIP_0105,MISC,123.37,20220203,20220209,SE,DE
TRIP_0105,CONFERENCE FEE,83.52,20220203,20220209,SE,DE
TRIP_0105,DAILY ALLOWANCE,592.38,20220203,20220209,SE,DE
TRIP_0105,AIR TICKET,809.17,20220203,20220209,SE,DE
TRIP_0105,MISC,165.96,20220203,20220209,SE,DE
TRIP_0105,HOTEL,929.02,20220203,20220209,SE,DE
TRIP_0106,HOTEL,870.36,20220423,20220429,MC,ES
TRIP_0106,HOTEL,956.39,20220423,20220429,MC,ES
TRIP_0106,AIR TICKET,843.81,20220423,20220429,MC,ES
TRIP_0106,MEAL,20.91,20220423,20220429,MC,ES
TRIP_0106,AIR TICKET,890.93,20220423,20220429,MC,ES
TRIP_0106,TAXI,236.76,20220423,20220429,MC,ES
TRIP_0106,MEAL,163.72,20220423,20220429,MC,ES
TRIP_0107,CONFERENCE FEE,246.24,20241111,20241118,BY,ID
TRIP_0107,MEAL,23.78,20241111,20241118,BY,ID
TRIP_0107,AIR TICKET,784.2,20241111,20241118,BY,ID
TRIP_0107,AIR TICKET,858.43,20241111,20241118,BY,ID
TRIP_0107,MISC,25.97,20241111,20241118,BY,ID
TRIP_0107,HOTEL,1279.46,20241111,20241118,BY,ID
TRIP_0107,DAILY ALLOWANCE,290.95,20241111,20241118,BY,ID
TRIP_0107,MISC,120.29,20241111,20241118,BY,ID
TRIP_0108,CONFERENCE FEE,241.03,20220923,20221004,PA,LU
TRIP_0108,CONFERENCE FEE,152.12,20220923,20221004,PA,LU
TRIP_0108,CONFERENCE FEE,175.69,20220923,20221004,PA,LU
TRIP_0109,CONFERENCE FEE,149.88,20240409,20240421,LV,PA
TRIP_0109,DAILY ALLOWANCE,502.53,20240409,20240421,LV,PA
TRIP_0109,MEAL,142.72,20240409,20240421,LV,PA
TRIP_0109,HOTEL,1946.16,20240409,20240421,LV,PA
TRIP_0110,MISC,171.23,20221109,20221117,NG,BA
TRIP_0110,HOTEL,1124.81,20221109,20221117,NG,BA
TRIP_0110,CONFERENCE FEE,238.35,20221109,20221117,NG,BA
TRIP_0110,MEAL,201.75,20221109,20221117,NG,BA
TRIP_0110,HOTEL,1153.54,20221109,20221117,NG,BA
TRIP_0110,MISC,230.99,20221109,20221117,NG,BA
TRIP_0111,HOTEL,1183.89,20230421,20230429,DO,BA
TRIP_0111,HOTEL,1278.01,20230421,20230429,DO,BA
TRIP_0111,MEAL,174.94,20230421,20230429,DO,BA
TRIP_0111,HOTEL,1397.02,20230421,20230429,DO,BA
TRIP_0111,MEAL,35.16,20230421,20230429,DO,BA
TRIP_0112,TAXI,44.99,20221008,20221016,TR,US
TRIP_0112,HOTEL,1237.92,20221008,20221016,TR,US
TRIP_0112,HOTEL,1140.91,20221008,20221016,TR,US
TRIP_0113,HOTEL,1600.21,20240303,20240313,KR,MC
TRIP_0113,TAXI,233.72,20240303,20240313,KR,MC
TRIP_0113,MEAL,36.41,20240303,20240313,KR,MC
TRIP_0113,AIR TICKET,980.78,20240303,20240313,KR,MC
TRIP_0113,MEAL,182.87,20240303,20240313,KR,MC
TRIP_0114,HOTEL,978.91,20230307,20230313,CN,PK
TRIP_0114,AIR TICKET,1001.68,20230307,20230313,CN,PK
TRIP_0114,DAILY ALLOWANCE,431.94,20230307,20230313,CN,PK
TRIP_0114,MEAL,54.1,20230307,20230313,CN,PK
TRIP_0115,MEAL,69.44,20220713,20220723,FR,MA
TRIP_0115,AIR TICKET,1226.25,20220713,20220723,FR,MA
TRIP_0115,TAXI,95.92,20220713,20220723,FR,MA
TRIP_0115,HOTEL,2035.21,20220713,20220723,FR,MA
TRIP_0115,MEAL,173.22,20220713,20220723,FR,MA
TRIP_0115,MISC,81.06,20220713,20220723,FR,MA
TRIP_0116,MISC,176.0,20230617,20230620,HR,DZ
TRIP_0116,AIR TICKET,1171.95,20230617,20230620,HR,DZ
TRIP_0116,MISC,30.94,20230617,20230620,HR,DZ
TRIP_0116,TAXI,166.06,20230617,20230620,HR,DZ
TRIP_0117,MEAL,87.15,20230224,20230303,CR,MY
TRIP_0117,CONFERENCE FEE,233.26,20230224,20230303,CR,MY
TRIP_0117,HOTEL,1212.81,20230224,20230303,CR,MY
TRIP_0117,TAXI,222.83,20230224,20230303,CR,MY
TRIP_0117,MEAL,54.73,20230224,20230303,CR,MY
TRIP_0117,HOTEL,1207.39,20230224,20230303,CR,MY
TRIP_0117,MEAL,182.73,20230224,20230303,CR,MY
TRIP_0118,MEAL,136.7,20230513,20230517,PK,CN
TRIP_0118,MISC,92.87,20230513,20230517,PK,CN
TRIP_0118,AIR TICKET,1013.11,20230513,20230517,PK,CN
TRIP_0119,MEAL,154.55,20230511,20230523,EC,KR
TRIP_0119,HOTEL,1984.93,20230511,20230523,EC,KR
TRIP_0119,DAILY ALLOWANCE,1388.85,20230511,20230523,EC,KR
TRIP_0119,CONFERENCE FEE,93.41,20230511,20230523,EC,KR
TRIP_0119,MEAL,184.87,20230511,20230523,EC,KR
TRIP_0119,HOTEL,1918.28,20230511,20230523,EC,KR
TRIP_0119,MEAL,208.69,20230511,20230523,EC,KR
TRIP_0119,MEAL,74.76,20230511,20230523,EC,KR
TRIP_0120,MISC,55.96,20230625,20230628,CH,RO
TRIP_0120,TAXI,219.45,20230625,20230628,CH,RO
TRIP_0120,DAILY ALLOWANCE,249.76,20230625,20230628,CH,RO
TRIP_0120,AIR TICKET,1379.62,20230625,20230628,CH,RO
TRIP_0120,MISC,104.16,20230625,20230628,CH,RO
TRIP_0120,HOTEL,718.14,20230625,20230628,CH,RO
TRIP_0120,AIR TICKET,1370.75,20230625,20230628,CH,RO
TRIP_0120,AIR TICKET,1420.53,20230625,20230628,CH,RO
TRIP_0121,MEAL,151.1,20220610,20220620,SA,MA
TRIP_0121,CONFERENCE FEE,221.74,20220610,20220620,SA,MA
TRIP_0121,MEAL,193.06,20220610,20220620,SA,MA
TRIP_0121,CONFERENCE FEE,103.91,20220610,20220620,SA,MA
TRIP_0121,TAXI,188.81,20220610,20220620,SA,MA
TRIP_0121,AIR TICKET,965.19,20220610,20220620,SA,MA
TRIP_0121,AIR TICKET,1047.41,20220610,20220620,SA,MA
TRIP_0122,AIR TICKET,1198.05,20231204,20231210,TH,RS
TRIP_0122,HOTEL,1476.13,20231204,20231210,TH,RS
TRIP_0122,TAXI,174.36,20231204,20231210,TH,RS
TRIP_0122,AIR TICKET,1199.62,20231204,20231210,TH,RS
TRIP_0122,HOTEL,1322.34,20231204,20231210,TH,RS
TRIP_0122,AIR TICKET,1109.11,20231204,20231210,TH,RS
TRIP_0123,MISC,144.74,20220717,20220725,MY,BD
TRIP_0123,TAXI,38.7,20220717,20220725,MY,BD
TRIP_0123,CONFERENCE FEE,106.01,20220717,20220725,MY,BD
TRIP_0124,AIR TICKET,834.95,20220213,20220221,JP,PA
TRIP_0124,DAILY ALLOWANCE,904.08,20220213,20220221,JP,PA
TRIP_0124,MISC,234.53,20220213,20220221,JP,PA
TRIP_0124,CONFERENCE FEE,123.55,20220213,20220221,JP,PA
TRIP_0124,CONFERENCE FEE,197.36,20220213,20220221,JP,PA
TRIP_0125,DAILY ALLOWANCE,228.16,20220826,20220828,AE,MA
TRIP_0125,HOTEL,443.43,20220826,20220828,AE,MA
TRIP_0125,AIR TICKET,1284.56,20220826,20220828,AE,MA
TRIP_0125,DAILY ALLOWANCE,160.68,20220826,20220828,AE,MA
TRIP_0125,DAILY ALLOWANCE,188.76,20220826,20220828,AE,MA
TRIP_0125,DAILY ALLOWANCE,193.75,20220826,20220828,AE,MA
TRIP_0125,CONFERENCE FEE,204.28,20220826,20220828,AE,MA
TRIP_0125,MEAL,101.22,20220826,20220828,AE,MA
TRIP_0126,HOTEL,2097.83,20220703,20220714,NZ,KZ
TRIP_0126,MISC,180.77,20220703,20220714,NZ,KZ
TRIP_0126,DAILY ALLOWANCE,1122.03,20220703,20220714,NZ,KZ
TRIP_0126,DAILY ALLOWANCE,879.26,20220703,20220714,NZ,KZ
TRIP_0127,TAXI,22.17,20240802,20240806,ID,BR
TRIP_0127,MEAL,135.45,20240802,20240806,ID,BR
TRIP_0127,AIR TICKET,1427.43,20240802,20240806,ID,BR
TRIP_0127,HOTEL,898.4,20240802,20240806,ID,BR
TRIP_0127,DAILY ALLOWANCE,330.03,20240802,20240806,ID,BR
TRIP_0128,HOTEL,428.84,20220303,20220306,BR,LK
TRIP_0128,MEAL,225.67,20220303,20220306,BR,LK
TRIP_0128,HOTEL,493.63,20220303,20220306,BR,LK
TRIP_0129,DAILY ALLOWANCE,304.7,20230922,20230927,BG,PL
TRIP_0129,MEAL,149.56,20230922,20230927,BG,PL
TRIP_0129,HOTEL,777.66,20230922,20230927,BG,PL
TRIP_0129,HOTEL,863.18,20230922,20230927,BG,PL
TRIP_0129,MISC,92.16,20230922,20230927,BG,PL
TRIP_0130,MISC,91.22,20220420,20220428,PL,CL
TRIP_0130,DAILY ALLOWANCE,737.83,20220420,20220428,PL,CL
TRIP_0130,AIR TICKET,901.16,20220420,20220428,PL,CL
TRIP_0130,MISC,87.13,20220420,20220428,PL,CL
TRIP_0130,AIR TICKET,693.36,20220420,20220428,PL,CL
TRIP_0130,AIR TICKET,716.99,20220420,20220428,PL,CL
TRIP_0131,HOTEL,2450.46,20241227,20250106,VN,NZ
TRIP_0131,TAXI,221.99,20241227,20250106,VN,NZ
TRIP_0131,DAILY ALLOWANCE,930.51,20241227,20250106,VN,NZ
TRIP_0131,MEAL,101.72,20241227,20250106,VN,NZ
TRIP_0131,CONFERENCE FEE,171.63,20241227,20250106,VN,NZ
TRIP_0131,AIR TICKET,1024.36,20241227,20250106,VN,NZ
TRIP_0131,DAILY ALLOWANCE,892.34,20241227,20250106,VN,NZ
TRIP_0132,CONFERENCE FEE,78.77,20220223,20220228,SI,MC
TRIP_0132,MEAL,95.83,20220223,20220228,SI,MC
TRIP_0132,CONFERENCE FEE,206.0,20220223,20220228,SI,MC
TRIP_0132,MEAL,97.04,20220223,20220228,SI,MC
TRIP_0132,MISC,159.61,20220223,20220228,SI,MC
TRIP_0132,AIR TICKET,740.28,20220223,20220228,SI,MC
TRIP_0133,HOTEL,808.9,20240408,20240413,PL,FI
TRIP_0133,HOTEL,831.85,20240408,20240413,PL,FI
TRIP_0133,TAXI,85.65,20240408,20240413,PL,FI
TRIP_0133,CONFERENCE FEE,72.3,20240408,20240413,PL,FI
TRIP_0133,MEAL,74.03,20240408,20240413,PL,FI
TRIP_0133,CONFERENCE FEE,30.29,20240408,20240413,PL,FI
TRIP_0134,AIR TICKET,1020.11,20231222,20231224,LV,BH
TRIP_0134,DAILY ALLOWANCE,155.26,20231222,20231224,LV,BH
TRIP_0134,HOTEL,472.47,20231222,20231224,LV,BH
TRIP_0134,HOTEL,410.64,20231222,20231224,LV,BH
TRIP_0134,DAILY ALLOWANCE,101.74,20231222,20231224,LV,BH
TRIP_0134,AIR TICKET,1036.19,20231222,20231224,LV,BH
TRIP_0134,HOTEL,442.8,20231222,20231224,LV,BH
TRIP_0134,CONFERENCE FEE,79.09,20231222,20231224,LV,BH
TRIP_0135,HOTEL,2427.85,20230713,20230724,LT,BR
TRIP_0135,MEAL,184.64,20230713,20230724,LT,BR
TRIP_0135,CONFERENCE FEE,231.7,20230713,20230724,LT,BR
TRIP_0135,AIR TICKET,1031.03,20230713,20230724,LT,BR
TRIP_0135,CONFERENCE FEE,169.92,20230713,20230724,LT,BR
TRIP_0135,TAXI,31.78,20230713,20230724,LT,BR
TRIP_0136,TAXI,135.19,20220826,20220902,PL,ID
TRIP_0136,MISC,165.39,20220826,20220902,PL,ID
TRIP_0136,DAILY ALLOWANCE,820.48,20220826,20220902,PL,ID
TRIP_0136,DAILY ALLOWANCE,367.46,20220826,20220902,PL,ID
TRIP_0136,MEAL,96.83,20220826,20220902,PL,ID
TRIP_0136,HOTEL,1359.08,20220826,20220902,PL,ID
TRIP_0136,CONFERENCE FEE,111.93,20220826,20220902,PL,ID
TRIP_0136,MISC,110.96,20220826,20220902,PL,ID
TRIP_0137,MISC,69.8,20220804,20220815,AU,DO
TRIP_0137,CONFERENCE FEE,34.9,20220804,20220815,AU,DO
TRIP_0137,HOTEL,2519.9,20220804,20220815,AU,DO
TRIP_0137,MEAL,249.88,20220804,20220815,AU,DO
TRIP_0137,MEAL,245.91,20220804,20220815,AU,DO
TRIP_0137,HOTEL,2161.86,20220804,20220815,AU,DO
TRIP_0137,DAILY ALLOWANCE,886.39,20220804,20220815,AU,DO
TRIP_0138,MISC,55.88,20241004,20241016,DE,IN
TRIP_0138,MISC,177.7,20241004,20241016,DE,IN
TRIP_0138,MISC,187.86,20241004,20241016,DE,IN
TRIP_0139,HOTEL,636.03,20220519,20220523,GB,TN
TRIP_0139,DAILY ALLOWANCE,329.67,20220519,20220523,GB,TN
TRIP_0139,DAILY ALLOWANCE,322.77,20220519,20220523,GB,TN
TRIP_0139,MEAL,239.59,20220519,20220523,GB,TN
TRIP_0139,AIR TICKET,719.73,20220519,20220523,GB,TN
TRIP_0139,MEAL,66.93,20220519,20220523,GB,TN
TRIP_0139,HOTEL,579.73,20220519,20220523,GB,TN
TRIP_0139,MEAL,156.49,20220519,20220523,GB,TN
TRIP_0140,TAXI,34.01,20240204,20240209,EG,IE
TRIP_0140,CONFERENCE FEE,156.62,20240204,20240209,EG,IE
TRIP_0140,DAILY ALLOWANCE,508.65,20240204,20240209,EG,IE
TRIP_0140,HOTEL,797.74,20240204,20240209,EG,IE
TRIP_0140,MEAL,186.93,20240204,20240209,EG,IE
TRIP_0140,AIR TICKET,917.17,20240204,20240209,EG,IE
TRIP_0140,DAILY ALLOWANCE,566.52,20240204,20240209,EG,IE
TRIP_0141,CONFERENCE FEE,121.39,20220122,20220128,CZ,GB
TRIP_0141,AIR TICKET,702.17,20220122,20220128,CZ,GB
TRIP_0141,TAXI,79.66,20220122,20220128,CZ,GB
TRIP_0141,TAXI,246.4,20220122,20220128,CZ,GB
TRIP_0142,DAILY ALLOWANCE,939.05,20220513,20220523,RU,OM
TRIP_0142,TAXI,242.69,20220513,20220523,RU,OM
TRIP_0142,AIR TICKET,795.14,20220513,20220523,RU,OM
TRIP_0142,DAILY ALLOWANCE,1143.04,20220513,20220523,RU,OM
TRIP_0143,CONFERENCE FEE,64.3,20230402,20230410,CH,GB
TRIP_0143,HOTEL,1156.23,20230402,20230410,CH,GB
TRIP_0143,AIR TICKET,978.0,20230402,20230410,CH,GB
TRIP_0143,DAILY ALLOWANCE,390.73,20230402,20230410,CH,GB
TRIP_0143,MISC,234.92,20230402,20230410,CH,GB
TRIP_0143,MISC,41.1,20230402,20230410,CH,GB
TRIP_0143,CONFERENCE FEE,172.64,20230402,20230410,CH,GB
TRIP_0144,MISC,64.61,20220412,20220421,PT,PE
TRIP_0144,AIR TICKET,718.3,20220412,20220421,PT,PE
TRIP_0144,CONFERENCE FEE,134.84,20220412,20220421,PT,PE
TRIP_0145,AIR TICKET,943.95,20220502,20220512,SK,BR
TRIP_0145,TAXI,122.42,20220502,20220512,SK,BR
TRIP_0145,MISC,24.17,20220502,20220512,SK,BR
TRIP_0146,DAILY ALLOWANCE,417.05,20220118,20220125,NG,IE
TRIP_0146,CONFERENCE FEE,29.04,20220118,20220125,NG,IE
TRIP_0146,TAXI,174.1,20220118,20220125,NG,IE
TRIP_0146,DAILY ALLOWANCE,325.19,20220118,20220125,NG,IE
TRIP_0146,HOTEL,1151.01,20220118,20220125,NG,IE
TRIP_0147,CONFERENCE FEE,131.46,20230207,20230213,SG,PL
TRIP_0147,TAXI,210.25,20230207,20230213,SG,PL
TRIP_0147,AIR TICKET,750.0,20230207,20230213,SG,PL
TRIP_0147,MEAL,138.36,20230207,20230213,SG,PL
TRIP_0148,HOTEL,1487.39,20240909,20240917,NG,OM
TRIP_0148,HOTEL,1243.52,20240909,20240917,NG,OM
TRIP_0148,AIR TICKET,835.75,20240909,20240917,NG,OM
TRIP_0148,TAXI,77.88,20240909,20240917,NG,OM
TRIP_0148,CONFERENCE FEE,198.88,20240909,20240917,NG,OM
TRIP_0148,MISC,40.61,20240909,20240917,NG,OM
TRIP_0148,HOTEL,1339.94,20240909,20240917,NG,OM
TRIP_0149,HOTEL,701.86,20230703,20230706,MC,CH
TRIP_0149,CONFERENCE FEE,222.69,20230703,20230706,MC,CH
TRIP_0149,AIR TICKET,1072.34,20230703,20230706,MC,CH
TRIP_0149,DAILY ALLOWANCE,224.33,20230703,20230706,MC,CH
TRIP_0150,HOTEL,1076.52,20240403,20240409,CO,CR
TRIP_0150,DAILY ALLOWANCE,622.17,20240403,20240409,CO,CR
TRIP_0150,CONFERENCE FEE,90.25,20240403,20240409,CO,CR
TRIP_0150,DAILY ALLOWANCE,535.6,20240403,20240409,CO,CR
TRIP_0150,DAILY ALLOWANCE,268.02,20240403,20240409,CO,CR
TRIP_0151,HOTEL,1074.53,20240424,20240430,BA,EC
TRIP_0151,AIR TICKET,1050.31,20240424,20240430,BA,EC
TRIP_0151,TAXI,76.8,20240424,20240430,BA,EC
TRIP_0151,MISC,174.99,20240424,20240430,BA,EC
TRIP_0151,HOTEL,1076.11,20240424,20240430,BA,EC
TRIP_0151,CONFERENCE FEE,176.6,20240424,20240430,BA,EC
TRIP_0152,AIR TICKET,759.81,20230414,20230422,PH,SA
TRIP_0152,CONFERENCE FEE,83.48,20230414,20230422,PH,SA
TRIP_0152,MISC,223.77,20230414,20230422,PH,SA
TRIP_0152,MEAL,209.07,20230414,20230422,PH,SA
TRIP_0152,MEAL,210.01,20230414,20230422,PH,SA
TRIP_0152,HOTEL,1242.49,20230414,20230422,PH,SA
TRIP_0152,MISC,121.27,20230414,20230422,PH,SA
TRIP_0153,DAILY ALLOWANCE,333.94,20220614,20220619,ES,RU
TRIP_0153,MISC,120.76,20220614,20220619,ES,RU
TRIP_0153,CONFERENCE FEE,175.92,20220614,20220619,ES,RU
TRIP_0153,MEAL,230.57,20220614,20220619,ES,RU
TRIP_0153,DAILY ALLOWANCE,259.25,20220614,20220619,ES,RU
TRIP_0153,TAXI,239.57,20220614,20220619,ES,RU
TRIP_0153,CONFERENCE FEE,45.64,20220614,20220619,ES,RU
TRIP_0153,DAILY ALLOWANCE,352.1,20220614,20220619,ES,RU
TRIP_0154,HOTEL,1473.49,20221021,20221030,DZ,RO
TRIP_0154,MISC,213.79,20221021,20221030,DZ,RO
TRIP_0154,MISC,191.26,20221021,20221030,DZ,RO
TRIP_0154,CONFERENCE FEE,212.29,20221021,20221030,DZ,RO
TRIP_0155,AIR TICKET,1303.18,20230804,20230810,CN,BA
TRIP_0155,DAILY ALLOWANCE,425.43,20230804,20230810,CN,BA
TRIP_0155,MISC,21.0,20230804,20230810,CN,BA
TRIP_0155,AIR TICKET,1128.57,20230804,20230810,CN,BA
TRIP_0155,CONFERENCE FEE,151.51,20230804,20230810,CN,BA
TRIP_0155,TAXI,109.94,20230804,20230810,CN,BA
TRIP_0155,AIR TICKET,1114.95,20230804,20230810,CN,BA
TRIP_0156,DAILY ALLOWANCE,774.79,20230305,20230316,BR,PE
TRIP_0156,MEAL,32.92,20230305,20230316,BR,PE
TRIP_0156,AIR TICKET,795.18,20230305,20230316,BR,PE
TRIP_0156,HOTEL,1652.64,20230305,20230316,BR,PE
TRIP_0156,AIR TICKET,928.48,20230305,20230316,BR,PE
TRIP_0156,MISC,200.46,20230305,20230316,BR,PE
TRIP_0157,DAILY ALLOWANCE,1038.24,20230423,20230502,OM,KR
TRIP_0157,MISC,95.27,20230423,20230502,OM,KR
TRIP_0157,AIR TICKET,929.13,20230423,20230502,OM,KR
TRIP_0157,HOTEL,1516.35,20230423,20230502,OM,KR
TRIP_0158,TAXI,147.81,20230306,20230309,FR,MA
TRIP_0158,CONFERENCE FEE,231.36,20230306,20230309,FR,MA
TRIP_0158,MISC,242.59,20230306,20230309,FR,MA
TRIP_0159,MEAL,231.21,20241011,20241016,AR,CR
TRIP_0159,AIR TICKET,1021.03,20241011,20241016,AR,CR
TRIP_0159,HOTEL,895.61,20241011,20241016,AR,CR
TRIP_0159,MISC,80.28,20241011,20241016,AR,CR
TRIP_0159,TAXI,125.14,20241011,20241016,AR,CR
TRIP_0159,MISC,183.64,20241011,20241016,AR,CR
TRIP_0159,MEAL,124.44,20241011,20241016,AR,CR
TRIP_0159,TAXI,87.16,20241011,20241016,AR,CR
TRIP_0160,DAILY ALLOWANCE,180.98,20220203,20220205,ZA,ID
TRIP_0160,DAILY ALLOWANCE,188.02,20220203,20220205,ZA,ID
TRIP_0160,AIR TICKET,708.24,20220203,20220205,ZA,ID
TRIP_0160,CONFERENCE FEE,43.33,20220203,20220205,ZA,ID
TRIP_0160,CONFERENCE FEE,195.66,20220203,20220205,ZA,ID
TRIP_0160,DAILY ALLOWANCE,227.2,20220203,20220205,ZA,ID
TRIP_0160,MEAL,198.96,20220203,20220205,ZA,ID
TRIP_0160,HOTEL,305.01,20220203,20220205,ZA,ID
TRIP_0161,DAILY ALLOWANCE,1124.88,20220526,20220606,US,ZA
TRIP_0161,CONFERENCE FEE,220.55,20220526,20220606,US,ZA
TRIP_0161,CONFERENCE FEE,101.5,20220526,20220606,US,ZA
TRIP_0161,MEAL,64.43,20220526,20220606,US,ZA
TRIP_0161,CONFERENCE FEE,36.43,20220526,20220606,US,ZA
TRIP_0161,AIR TICKET,775.4,20220526,20220606,US,ZA
TRIP_0162,CONFERENCE FEE,64.61,20230910,20230916,CH,AT
TRIP_0162,CONFERENCE FEE,117.52,20230910,20230916,CH,AT
TRIP_0162,HOTEL,990.43,20230910,20230916,CH,AT
TRIP_0162,DAILY ALLOWANCE,395.12,20230910,20230916,CH,AT
TRIP_0162,MEAL,116.41,20230910,20230916,CH,AT
TRIP_0162,CONFERENCE FEE,76.17,20230910,20230916,CH,AT
TRIP_0162,MISC,93.02,20230910,20230916,CH,AT
TRIP_0163,HOTEL,1688.23,20230612,20230620,JP,AU
TRIP_0163,CONFERENCE FEE,57.93,20230612,20230620,JP,AU
TRIP_0163,MEAL,87.7,20230612,20230620,JP,AU
TRIP_0163,TAXI,166.95,20230612,20230620,JP,AU
TRIP_0163,AIR TICKET,1248.02,20230612,20230620,JP,AU
TRIP_0163,MEAL,47.29,20230612,20230620,JP,AU
TRIP_0164,AIR TICKET,901.23,20240905,20240910,TN,MM
TRIP_0164,DAILY ALLOWANCE,303.21,20240905,20240910,TN,MM
TRIP_0164,MISC,219.39,20240905,20240910,TN,MM
TRIP_0164,AIR TICKET,780.92,20240905,20240910,TN,MM
TRIP_0164,MISC,149.77,20240905,20240910,TN,MM
TRIP_0164,DAILY ALLOWANCE,402.31,20240905,20240910,TN,MM
TRIP_0164,AIR TICKET,935.25,20240905,20240910,TN,MM
TRIP_0165,CONFERENCE FEE,219.5,20220102,20220106,KE,PL
TRIP_0165,HOTEL,631.53,20220102,20220106,KE,PL
TRIP_0165,DAILY ALLOWANCE,197.16,20220102,20220106,KE,PL
TRIP_0165,MISC,69.0,20220102,20220106,KE,PL
TRIP_0165,DAILY ALLOWANCE,473.49,20220102,20220106,KE,PL
TRIP_0165,AIR TICKET,763.89,20220102,20220106,KE,PL
TRIP_0165,TAXI,161.44,20220102,20220106,KE,PL
TRIP_0166,HOTEL,980.39,20220222,20220228,OM,MY
TRIP_0166,MISC,209.86,20220222,20220228,OM,MY
TRIP_0166,TAXI,169.07,20220222,20220228,OM,MY
TRIP_0166,DAILY ALLOWANCE,400.33,20220222,20220228,OM,MY
TRIP_0167,CONFERENCE FEE,78.65,20220727,20220801,SE,UY
TRIP_0167,DAILY ALLOWANCE,362.68,20220727,20220801,SE,UY
TRIP_0167,CONFERENCE FEE,219.25,20220727,20220801,SE,UY
TRIP_0167,MISC,72.31,20220727,20220801,SE,UY
TRIP_0167,DAILY ALLOWANCE,499.05,20220727,20220801,SE,UY
TRIP_0167,AIR TICKET,1117.75,20220727,20220801,SE,UY
TRIP_0167,DAILY ALLOWANCE,478.5,20220727,20220801,SE,UY
TRIP_0167,AIR TICKET,1068.45,20220727,20220801,SE,UY
TRIP_0168,TAXI,237.08,20241005,20241016,CL,SA
TRIP_0168,AIR TICKET,1060.02,20241005,20241016,CL,SA
TRIP_0168,DAILY ALLOWANCE,804.53,20241005,20241016,CL,SA
TRIP_0168,MEAL,36.83,20241005,20241016,CL,SA
TRIP_0168,DAILY ALLOWANCE,1260.39,20241005,20241016,CL,SA
TRIP_0168,MEAL,98.1,20241005,20241016,CL,SA
TRIP_0168,HOTEL,1880.15,20241005,20241016,CL,SA
TRIP_0169,AIR TICKET,1302.2,20240814,20240822,BG,CH
TRIP_0169,HOTEL,1750.97,20240814,20240822,BG,CH
TRIP_0169,DAILY ALLOWANCE,858.36,20240814,20240822,BG,CH
TRIP_0170,TAXI,197.55,20220121,20220131,MY,KR
TRIP_0170,AIR TICKET,884.22,20220121,20220131,MY,KR
TRIP_0170,MISC,198.59,20220121,20220131,MY,KR
TRIP_0171,DAILY ALLOWANCE,161.15,20231219,20231222,DK,RU
TRIP_0171,CONFERENCE FEE,225.92,20231219,20231222,DK,RU
TRIP_0171,MISC,105.83,20231219,20231222,DK,RU
TRIP_0171,AIR TICKET,1079.58,20231219,20231222,DK,RU
TRIP_0171,CONFERENCE FEE,75.15,20231219,20231222,DK,RU
TRIP_0171,DAILY ALLOWANCE,271.84,20231219,20231222,DK,RU
TRIP_0172,DAILY ALLOWANCE,648.8,20230611,20230619,NO,MX
TRIP_0172,HOTEL,1660.51,20230611,20230619,NO,MX
TRIP_0172,DAILY ALLOWANCE,464.63,20230611,20230619,NO,MX
TRIP_0172,MISC,225.74,20230611,20230619,NO,MX
TRIP_0172,TAXI,143.25,20230611,20230619,NO,MX
TRIP_0173,CONFERENCE FEE,158.81,20220318,20220329,NZ,PK
TRIP_0173,TAXI,240.08,20220318,20220329,NZ,PK
TRIP_0173,MEAL,231.29,20220318,20220329,NZ,PK
TRIP_0173,CONFERENCE FEE,96.54,20220318,20220329,NZ,PK
TRIP_0174,TAXI,54.66,20231123,20231129,LV,FI
TRIP_0174,CONFERENCE FEE,205.75,20231123,20231129,LV,FI
TRIP_0174,TAXI,175.79,20231123,20231129,LV,FI
TRIP_0174,MEAL,124.24,20231123,20231129,LV,FI
TRIP_0174,MISC,236.75,20231123,20231129,LV,FI
TRIP_0174,MEAL,246.56,20231123,20231129,LV,FI
TRIP_0175,TAXI,30.33,20230319,20230328,CR,ES
TRIP_0175,DAILY ALLOWANCE,872.89,20230319,20230328,CR,ES
TRIP_0175,AIR TICKET,856.18,20230319,20230328,CR,ES
TRIP_0175,MISC,210.75,20230319,20230328,CR,ES
TRIP_0175,CONFERENCE FEE,201.12,20230319,20230328,CR,ES
TRIP_0175,CONFERENCE FEE,111.83,20230319,20230328,CR,ES
TRIP_0175,TAXI,180.14,20230319,20230328,CR,ES
TRIP_0175,HOTEL,1464.71,20230319,20230328,CR,ES
TRIP_0176,TAXI,245.03,20221106,20221112,CL,VN
TRIP_0176,MISC,178.49,20221106,20221112,CL,VN
TRIP_0176,CONFERENCE FEE,54.52,20221106,20221112,CL,VN
TRIP_0176,DAILY ALLOWANCE,713.28,20221106,20221112,CL,VN
TRIP_0176,CONFERENCE FEE,60.62,20221106,20221112,CL,VN
TRIP_0176,TAXI,239.34,20221106,20221112,CL,VN
TRIP_0176,CONFERENCE FEE,28.82,20221106,20221112,CL,VN
TRIP_0176,MEAL,47.26,20221106,20221112,CL,VN
TRIP_0177,DAILY ALLOWANCE,141.93,20231116,20231118,NO,OM
TRIP_0177,HOTEL,304.03,20231116,20231118,NO,OM
TRIP_0177,MISC,191.97,20231116,20231118,NO,OM
TRIP_0177,DAILY ALLOWANCE,137.46,20231116,20231118,NO,OM
TRIP_0178,HOTEL,829.34,20230418,20230423,PL,LT
TRIP_0178,DAILY ALLOWANCE,498.8,20230418,20230423,PL,LT
TRIP_0178,DAILY ALLOWANCE,511.55,20230418,20230423,PL,LT
TRIP_0178,HOTEL,842.09,20230418,20230423,PL,LT
TRIP_0178,MEAL,211.65,20230418,20230423,PL,LT
TRIP_0179,DAILY ALLOWANCE,192.66,20230306,20230309,SI,EG
TRIP_0179,DAILY ALLOWANCE,345.91,20230306,20230309,SI,EG
TRIP_0179,CONFERENCE FEE,45.8,20230306,20230309,SI,EG
TRIP_0180,AIR TICKET,1071.94,20230612,20230621,PL,FR
TRIP_0180,CONFERENCE FEE,79.28,20230612,20230621,PL,FR
TRIP_0180,MEAL,79.55,20230612,20230621,PL,FR
TRIP_0180,AIR TICKET,1080.55,20230612,20230621,PL,FR
TRIP_0181,MISC,43.68,20220121,20220129,PK,ZA
TRIP_0181,DAILY ALLOWANCE,559.33,20220121,20220129,PK,ZA
TRIP_0181,HOTEL,1147.16,20220121,20220129,PK,ZA
TRIP_0181,CONFERENCE FEE,102.22,20220121,20220129,PK,ZA
TRIP_0182,MEAL,215.12,20220321,20220328,KR,TN
TRIP_0182,MEAL,58.03,20220321,20220328,KR,TN
TRIP_0182,HOTEL,1123.73,20220321,20220328,KR,TN
TRIP_0182,TAXI,98.6,20220321,20220328,KR,TN
TRIP_0183,AIR TICKET,1315.11,20230720,20230726,NL,SE
TRIP_0183,TAXI,179.34,20230720,20230726,NL,SE
TRIP_0183,AIR TICKET,1371.01,20230720,20230726,NL,SE
TRIP_0183,CONFERENCE FEE,245.42,20230720,20230726,NL,SE
TRIP_0183,DAILY ALLOWANCE,256.21,20230720,20230726,NL,SE
TRIP_0184,MEAL,43.92,20220520,20220524,LU,KE
TRIP_0184,CONFERENCE FEE,189.71,20220520,20220524,LU,KE
TRIP_0184,HOTEL,545.63,20220520,20220524,LU,KE
TRIP_0184,MEAL,197.57,20220520,20220524,LU,KE
TRIP_0185,AIR TICKET,706.57,20231020,20231025,GB,IT
TRIP_0185,DAILY ALLOWANCE,578.24,20231020,20231025,GB,IT
TRIP_0185,MISC,87.09,20231020,20231025,GB,IT
TRIP_0185,TAXI,32.73,20231020,20231025,GB,IT
TRIP_0185,DAILY ALLOWANCE,507.18,20231020,20231025,GB,IT
TRIP_0185,AIR TICKET,994.88,20231020,20231025,GB,IT
TRIP_0185,HOTEL,740.36,20231020,20231025,GB,IT
TRIP_0186,HOTEL,1735.15,20240513,20240523,CR,TR
TRIP_0186,TAXI,77.53,20240513,20240523,CR,TR
TRIP_0186,AIR TICKET,806.42,20240513,20240523,CR,TR
TRIP_0186,DAILY ALLOWANCE,909.66,20240513,20240523,CR,TR
TRIP_0187,TAXI,95.53,20220106,20220108,ID,DO
TRIP_0187,MISC,136.32,20220106,20220108,ID,DO
TRIP_0187,DAILY ALLOWANCE,195.45,20220106,20220108,ID,DO
TRIP_0187,MISC,160.44,20220106,20220108,ID,DO
TRIP_0187,TAXI,84.93,20220106,20220108,ID,DO
TRIP_0187,AIR TICKET,760.76,20220106,20220108,ID,DO
TRIP_0187,DAILY ALLOWANCE,130.15,20220106,20220108,ID,DO
TRIP_0187,MEAL,45.59,20220106,20220108,ID,DO
TRIP_0188,CONFERENCE FEE,241.8,20241110,20241115,LV,ES
TRIP_0188,MEAL,224.25,20241110,20241115,LV,ES
TRIP_0188,CONFERENCE FEE,52.26,20241110,20241115,LV,ES
TRIP_0188,MEAL,87.67,20241110,20241115,LV,ES
TRIP_0188,MEAL,24.06,20241110,20241115,LV,ES
TRIP_0188,CONFERENCE FEE,173.29,20241110,20241115,LV,ES
TRIP_0189,CONFERENCE FEE,113.99,20240426,20240430,JP,MY
TRIP_0189,AIR TICKET,1041.93,20240426,20240430,JP,MY
TRIP_0189,CONFERENCE FEE,74.99,20240426,20240430,JP,MY
TRIP_0189,CONFERENCE FEE,215.53,20240426,20240430,JP,MY
TRIP_0190,AIR TICKET,811.43,20241105,20241109,KE,AR
TRIP_0190,CONFERENCE FEE,97.01,20241105,20241109,KE,AR
TRIP_0190,MEAL,102.58,20241105,20241109,KE,AR
TRIP_0190,AIR TICKET,977.36,20241105,20241109,KE,AR
TRIP_0191,AIR TICKET,752.98,20230413,20230420,SI,CA
TRIP_0191,HOTEL,1221.67,20230413,20230420,SI,CA
TRIP_0191,HOTEL,1210.44,20230413,20230420,SI,CA
TRIP_0191,HOTEL,1216.5,20230413,20230420,SI,CA
TRIP_0191,HOTEL,1141.9,20230413,20230420,SI,CA
TRIP_0191,MISC,214.94,20230413,20230420,SI,CA
TRIP_0191,MEAL,78.84,20230413,20230420,SI,CA
TRIP_0191,DAILY ALLOWANCE,701.16,20230413,20230420,SI,CA
TRIP_0192,CONFERENCE FEE,142.78,20230601,20230603,PA,US
TRIP_0192,CONFERENCE FEE,35.98,20230601,20230603,PA,US
TRIP_0192,CONFERENCE FEE,174.61,20230601,20230603,PA,US
TRIP_0192,HOTEL,448.76,20230601,20230603,PA,US
TRIP_0192,MEAL,97.3,20230601,20230603,PA,US
TRIP_0193,MEAL,125.67,20240315,20240318,AE,CL
TRIP_0193,DAILY ALLOWANCE,157.48,20240315,20240318,AE,CL
TRIP_0193,TAXI,98.32,20240315,20240318,AE,CL
TRIP_0193,MEAL,163.46,20240315,20240318,AE,CL
TRIP_0193,AIR TICKET,1063.98,20240315,20240318,AE,CL
TRIP_0193,MISC,112.21,20240315,20240318,AE,CL
TRIP_0193,MISC,101.26,20240315,20240318,AE,CL
TRIP_0193,TAXI,30.51,20240315,20240318,AE,CL
TRIP_0194,MISC,130.55,20220526,20220606,PA,KZ
TRIP_0194,MEAL,181.26,20220526,20220606,PA,KZ
TRIP_0194,AIR TICKET,743.33,20220526,20220606,PA,KZ
TRIP_0195,CONFERENCE FEE,132.35,20240921,20241001,OM,DK
TRIP_0195,MEAL,123.01,20240921,20241001,OM,DK
TRIP_0195,MEAL,92.13,20240921,20241001,OM,DK
TRIP_0195,HOTEL,1852.29,20240921,20241001,OM,DK
TRIP_0195,AIR TICKET,912.52,20240921,20241001,OM,DK
TRIP_0195,HOTEL,1786.6,20240921,20241001,OM,DK
TRIP_0195,MEAL,31.53,20240921,20241001,OM,DK
TRIP_0195,MISC,57.67,20240921,20241001,OM,DK
TRIP_0196,AIR TICKET,677.25,20221113,20221121,GR,JP
TRIP_0196,HOTEL,1178.33,20221113,20221121,GR,JP
TRIP_0196,MEAL,47.54,20221113,20221121,GR,JP
TRIP_0196,DAILY ALLOWANCE,597.13,20221113,20221121,GR,JP
TRIP_0196,TAXI,80.25,20221113,20221121,GR,JP
TRIP_0196,MISC,201.39,20221113,20221121,GR,JP
TRIP_0196,AIR TICKET,826.12,20221113,20221121,GR,JP
TRIP_0197,MISC,149.25,20230416,20230425,SG,OM
TRIP_0197,DAILY ALLOWANCE,860.03,20230416,20230425,SG,OM
TRIP_0197,AIR TICKET,780.15,20230416,20230425,SG,OM
TRIP_0197,MISC,119.76,20230416,20230425,SG,OM
TRIP_0197,MISC,171.35,20230416,20230425,SG,OM
TRIP_0197,CONFERENCE FEE,240.37,20230416,20230425,SG,OM
TRIP_0198,TAXI,32.88,20221104,20221110,CR,PK
TRIP_0198,MISC,186.09,20221104,20221110,CR,PK
TRIP_0198,DAILY ALLOWANCE,643.79,20221104,20221110,CR,PK
TRIP_0198,CONFERENCE FEE,95.77,20221104,20221110,CR,PK
TRIP_0198,HOTEL,892.65,20221104,20221110,CR,PK
TRIP_0198,CONFERENCE FEE,103.21,20221104,20221110,CR,PK
TRIP_0198,MISC,74.57,20221104,20221110,CR,PK
TRIP_0199,MISC,135.88,20240521,20240529,KZ,AR
TRIP_0199,MISC,88.64,20240521,20240529,KZ,AR
TRIP_0199,TAXI,121.38,20240521,20240529,KZ,AR
TRIP_0199,HOTEL,1386.27,20240521,20240529,KZ,AR
TRIP_0199,HOTEL,1411.5,20240521,20240529,KZ,AR
TRIP_0199,MISC,115.38,20240521,20240529,KZ,AR
TRIP_0199,MEAL,91.38,20240521,20240529,KZ,AR
TRIP_0199,MISC,178.6,20240521,20240529,KZ,AR
TRIP_0200,MEAL,114.8,20241221,20241231,TH,FR
TRIP_0200,HOTEL,2301.32,20241221,20241231,TH,FR
TRIP_0200,CONFERENCE FEE,30.66,20241221,20241231,TH,FR
TRIP_0200,MISC,40.98,20241221,20241231,TH,FR
TRIP_0200,DAILY ALLOWANCE,903.55,20241221,20241231,TH,FR
